,,,,,,,
Algorithm,InputType,ArraySize,IsSorted,SortType,IndexAccessCount,CompareCount,SwapCount
BubbleSort,Random,100,TRUE,Exchange,4950,4950,2255
OddEvenSort,Random,100,TRUE,Exchange,4950,4950,2255
CocktailShakerSort,Random,100,TRUE,Exchange,3274,3274,2255
CocktailShakerSort2,Random,100,TRUE,Exchange,3725,3725,2255
CombSort,Random,100,TRUE,Exchange,1195,1195,240
CycleSort,Random,100,TRUE,Exchange,14372,14410,97
GnomeSort,Random,100,TRUE,Exchange,2355,2255,2255
GnomeSort1,Random,100,TRUE,Exchange,4604,4604,2255
GnomeSort2,Random,100,TRUE,Exchange,2256,2349,2255
GnomeSort3,Random,100,TRUE,Exchange,4610,4610,2255
SelectionSort,Random,100,TRUE,Selection,4950,4950,100
HeapSort,Random,100,TRUE,Selection,721,1061,629
InsertSort,Random,100,TRUE,Insertion,2255,2255,2255
BinaryInsertSort,Random,100,TRUE,Insertion,2983,530,2354
ShellSort,Random,100,TRUE,Insertion,473,282,473
BinaryTreeSort,Random,100,TRUE,Insertion,100,540,0
QuickSortMedian3,Random,100,TRUE,Partition,384,674,204
QuickSortMedian9,Random,100,TRUE,Partition,287,1175,219
QuickDualPivotSort,Random,100,TRUE,Partition,381,478,307
QuickSortMedian3Insert,Random,100,TRUE,Partition,283,262,128
QuickSortMedian9Insert,Random,100,TRUE,Partition,246,264,161
QuickDualPivotSortInsert,Random,100,TRUE,Partition,254,294,171
QuickSortMedian3BinaryInsert,Random,100,TRUE,Partition,401,338,142
QuickSortMedian9BinaryInsert,Random,100,TRUE,Partition,374,347,176
QuickDualPivotSortBinaryInsert,Random,100,TRUE,Partition,254,294,171
MergeSort,Random,100,TRUE,Merge,536,540,621
MergeSort2,Random,100,TRUE,Merge,771,543,672
ShiftSort,Random,100,TRUE,Merge,836,626,9
BucketSort,Random,100,TRUE,Distributed,200,100,0
RadixLSD10Sort,Random,100,TRUE,Distributed,420,200,0
RadixLSD4Sort,Random,100,TRUE,Distributed,2781,0,0
CountingSort,Random,100,TRUE,Distributed,399,0,0
IntroSortMedian9,Random,100,TRUE,Hybrid,199,235,127
BubbleSort,Random,1000,TRUE,Exchange,499500,499500,247850
OddEvenSort,Random,1000,TRUE,Exchange,479520,479520,247850
CocktailShakerSort,Random,1000,TRUE,Exchange,332246,332246,247850
CocktailShakerSort2,Random,1000,TRUE,Exchange,380672,380672,247850
CombSort,Random,1000,TRUE,Exchange,21704,21704,3913
CycleSort,Random,1000,TRUE,Exchange,1485853,1486328,996
GnomeSort,Random,1000,TRUE,Exchange,248850,247850,247850
GnomeSort1,Random,1000,TRUE,Exchange,496695,496695,247850
GnomeSort2,Random,1000,TRUE,Exchange,247857,248845,247850
GnomeSort3,Random,1000,TRUE,Exchange,496700,496700,247850
SelectionSort,Random,1000,TRUE,Selection,499500,499500,1000
HeapSort,Random,1000,TRUE,Selection,10583,17240,9595
InsertSort,Random,1000,TRUE,Insertion,247850,247850,247850
BinaryInsertSort,Random,1000,TRUE,Insertion,258453,8605,248849
ShellSort,Random,1000,TRUE,Insertion,9082,4821,9082
BinaryTreeSort,Random,1000,TRUE,Insertion,1000,11149,0
QuickSortMedian3,Random,1000,TRUE,Partition,6973,9962,2775
QuickSortMedian9,Random,1000,TRUE,Partition,5023,13981,2971
QuickDualPivotSort,Random,1000,TRUE,Partition,6118,8474,5064
QuickSortMedian3Insert,Random,1000,TRUE,Partition,5460,5642,1625
QuickSortMedian9Insert,Random,1000,TRUE,Partition,3822,4673,1676
QuickDualPivotSortInsert,Random,1000,TRUE,Partition,5045,6749,3621
QuickSortMedian3BinaryInsert,Random,1000,TRUE,Partition,5636,5773,1640
QuickSortMedian9BinaryInsert,Random,1000,TRUE,Partition,3964,4779,1688
QuickDualPivotSortBinaryInsert,Random,1000,TRUE,Partition,5045,6749,3621
MergeSort,Random,1000,TRUE,Merge,6687,8679,9323
MergeSort2,Random,1000,TRUE,Merge,10975,8697,9976
ShiftSort,Random,1000,TRUE,Merge,14851,10915,181
BucketSort,Random,1000,TRUE,Distributed,2000,1000,0
RadixLSD10Sort,Random,1000,TRUE,Distributed,6030,3000,0
RadixLSD4Sort,Random,1000,TRUE,Distributed,9789,0,0
CountingSort,Random,1000,TRUE,Distributed,3996,0,0
IntroSortMedian9,Random,1000,TRUE,Hybrid,3835,4667,1644
BubbleSort,Random,10000,TRUE,Exchange,49995000,49995000,24957552
OddEvenSort,Random,10000,TRUE,Exchange,49785021,49785021,24957552
CocktailShakerSort,Random,10000,TRUE,Exchange,33342109,33342109,24957552
CocktailShakerSort2,Random,10000,TRUE,Exchange,37795670,37795670,24957552
CombSort,Random,10000,TRUE,Exchange,306727,306727,59071
CycleSort,Random,10000,TRUE,Exchange,149790599,149795582,9998
GnomeSort,Random,10000,TRUE,Exchange,24967552,24957552,24957552
GnomeSort1,Random,10000,TRUE,Exchange,49925091,49925091,24957552
GnomeSort2,Random,10000,TRUE,Exchange,24957547,24967539,24957552
GnomeSort3,Random,10000,TRUE,Exchange,49925104,49925104,24957552
SelectionSort,Random,10000,TRUE,Selection,49995000,49995000,10000
HeapSort,Random,10000,TRUE,Selection,139515,239326,129523
InsertSort,Random,10000,TRUE,Insertion,24957552,24957552,24957552
BinaryInsertSort,Random,10000,TRUE,Insertion,25096505,118955,24967551
ShellSort,Random,10000,TRUE,Insertion,151329,75084,151329
BinaryTreeSort,Random,10000,TRUE,Insertion,10000,161181,0
QuickSortMedian3,Random,10000,TRUE,Partition,101223,131209,35908
QuickSortMedian9,Random,10000,TRUE,Partition,72373,162190,37585
QuickDualPivotSort,Random,10000,TRUE,Partition,91750,124881,66244
QuickSortMedian3Insert,Random,10000,TRUE,Partition,85705,88081,23901
QuickSortMedian9Insert,Random,10000,TRUE,Partition,59814,68680,24175
QuickDualPivotSortInsert,Random,10000,TRUE,Partition,81749,108735,52866
QuickSortMedian3BinaryInsert,Random,10000,TRUE,Partition,85917,88251,23915
QuickSortMedian9BinaryInsert,Random,10000,TRUE,Partition,59994,68824,24187
QuickDualPivotSortBinaryInsert,Random,10000,TRUE,Partition,81749,108735,52866
MergeSort,Random,10000,TRUE,Merge,86735,120430,128158
MergeSort2,Random,10000,TRUE,Merge,143615,120494,133616
ShiftSort,Random,10000,TRUE,Merge,211619,157240,1712
BucketSort,Random,10000,TRUE,Distributed,20000,10000,0
RadixLSD10Sort,Random,10000,TRUE,Distributed,80040,40000,0
RadixLSD4Sort,Random,10000,TRUE,Distributed,81750,0,0
CountingSort,Random,10000,TRUE,Distributed,39999,0,0
IntroSortMedian9,Random,10000,TRUE,Hybrid,60070,68887,24280
BubbleSort,MixRandom,100,TRUE,Exchange,4950,4950,2583
OddEvenSort,MixRandom,100,TRUE,Exchange,4455,4455,2583
CocktailShakerSort,MixRandom,100,TRUE,Exchange,3469,3469,2583
CocktailShakerSort2,MixRandom,100,TRUE,Exchange,4247,4247,2583
CombSort,MixRandom,100,TRUE,Exchange,1195,1195,229
CycleSort,MixRandom,100,TRUE,Exchange,14038,14071,99
GnomeSort,MixRandom,100,TRUE,Exchange,2683,2583,2583
GnomeSort1,MixRandom,100,TRUE,Exchange,5259,5259,2583
GnomeSort2,MixRandom,100,TRUE,Exchange,2582,2676,2583
GnomeSort3,MixRandom,100,TRUE,Exchange,5266,5266,2583
SelectionSort,MixRandom,100,TRUE,Selection,4950,4950,100
HeapSort,MixRandom,100,TRUE,Selection,706,1054,613
InsertSort,MixRandom,100,TRUE,Insertion,2583,2583,2583
BinaryInsertSort,MixRandom,100,TRUE,Insertion,3316,535,2682
ShellSort,MixRandom,100,TRUE,Insertion,486,282,486
BinaryTreeSort,MixRandom,100,TRUE,Insertion,100,607,0
QuickSortMedian3,MixRandom,100,TRUE,Partition,364,657,213
QuickSortMedian9,MixRandom,100,TRUE,Partition,292,1180,223
QuickDualPivotSort,MixRandom,100,TRUE,Partition,331,467,306
QuickSortMedian3Insert,MixRandom,100,TRUE,Partition,230,254,90
QuickSortMedian9Insert,MixRandom,100,TRUE,Partition,185,284,101
QuickDualPivotSortInsert,MixRandom,100,TRUE,Partition,219,300,172
QuickSortMedian3BinaryInsert,MixRandom,100,TRUE,Partition,263,275,94
QuickSortMedian9BinaryInsert,MixRandom,100,TRUE,Partition,229,313,106
QuickDualPivotSortBinaryInsert,MixRandom,100,TRUE,Partition,219,300,172
MergeSort,MixRandom,100,TRUE,Merge,543,531,619
MergeSort2,MixRandom,100,TRUE,Merge,771,537,672
ShiftSort,MixRandom,100,TRUE,Merge,893,673,16
BucketSort,MixRandom,100,TRUE,Distributed,200,100,0
RadixLSD10Sort,MixRandom,100,TRUE,Distributed,551,0,0
RadixLSD4Sort,MixRandom,100,TRUE,Distributed,3802,400,0
CountingSort,MixRandom,100,TRUE,Distributed,509,0,0
IntroSortMedian9,MixRandom,100,TRUE,Hybrid,190,252,108
BubbleSort,MixRandom,1000,TRUE,Exchange,499500,499500,252066
OddEvenSort,MixRandom,1000,TRUE,Exchange,496503,496503,252066
CocktailShakerSort,MixRandom,1000,TRUE,Exchange,336567,336567,252066
CocktailShakerSort2,MixRandom,1000,TRUE,Exchange,384540,384540,252066
CombSort,MixRandom,1000,TRUE,Exchange,20705,20705,4117
CycleSort,MixRandom,1000,TRUE,Exchange,1488934,1489430,1000
GnomeSort,MixRandom,1000,TRUE,Exchange,253066,252066,252066
GnomeSort1,MixRandom,1000,TRUE,Exchange,505127,505127,252066
GnomeSort2,MixRandom,1000,TRUE,Exchange,252071,253061,252066
GnomeSort3,MixRandom,1000,TRUE,Exchange,505132,505132,252066
SelectionSort,MixRandom,1000,TRUE,Selection,499500,499500,1000
HeapSort,MixRandom,1000,TRUE,Selection,10533,17203,9543
InsertSort,MixRandom,1000,TRUE,Insertion,252066,252066,252066
BinaryInsertSort,MixRandom,1000,TRUE,Insertion,262645,8581,253065
ShellSort,MixRandom,1000,TRUE,Insertion,9127,4821,9127
BinaryTreeSort,MixRandom,1000,TRUE,Insertion,1000,11301,0
QuickSortMedian3,MixRandom,1000,TRUE,Partition,7113,10102,2825
QuickSortMedian9,MixRandom,1000,TRUE,Partition,5316,14288,2940
QuickDualPivotSort,MixRandom,1000,TRUE,Partition,6229,9306,5067
QuickSortMedian3Insert,MixRandom,1000,TRUE,Partition,5612,5817,1666
QuickSortMedian9Insert,MixRandom,1000,TRUE,Partition,4122,5005,1618
QuickDualPivotSortInsert,MixRandom,1000,TRUE,Partition,5281,7701,3714
QuickSortMedian3BinaryInsert,MixRandom,1000,TRUE,Partition,5755,5924,1678
QuickSortMedian9BinaryInsert,MixRandom,1000,TRUE,Partition,4204,5066,1625
QuickDualPivotSortBinaryInsert,MixRandom,1000,TRUE,Partition,5281,7701,3714
MergeSort,MixRandom,1000,TRUE,Merge,6679,8719,9355
MergeSort2,MixRandom,1000,TRUE,Merge,10975,8719,9976
ShiftSort,MixRandom,1000,TRUE,Merge,15044,11135,188
BucketSort,MixRandom,1000,TRUE,Distributed,2000,1000,0
RadixLSD10Sort,MixRandom,1000,TRUE,Distributed,7073,0,0
RadixLSD4Sort,MixRandom,1000,TRUE,Distributed,10622,4000,0
CountingSort,MixRandom,1000,TRUE,Distributed,5006,0,0
IntroSortMedian9,MixRandom,1000,TRUE,Hybrid,3709,4623,1668
BubbleSort,MixRandom,10000,TRUE,Exchange,49995000,49995000,25024702
OddEvenSort,MixRandom,10000,TRUE,Exchange,49615038,49615038,25024702
CocktailShakerSort,MixRandom,10000,TRUE,Exchange,33290810,33290810,25024702
CocktailShakerSort2,MixRandom,10000,TRUE,Exchange,37746225,37746225,25024702
CombSort,MixRandom,10000,TRUE,Exchange,306727,306727,58808
CycleSort,MixRandom,10000,TRUE,Exchange,149841994,149846943,9997
GnomeSort,MixRandom,10000,TRUE,Exchange,25034702,25024702,25024702
GnomeSort1,MixRandom,10000,TRUE,Exchange,50059395,50059395,25024702
GnomeSort2,MixRandom,10000,TRUE,Exchange,25024699,25034693,25024702
GnomeSort3,MixRandom,10000,TRUE,Exchange,50059404,50059404,25024702
SelectionSort,MixRandom,10000,TRUE,Selection,49995000,49995000,10000
HeapSort,MixRandom,10000,TRUE,Selection,139616,239517,129623
InsertSort,MixRandom,10000,TRUE,Insertion,25024702,25024702,25024702
BinaryInsertSort,MixRandom,10000,TRUE,Insertion,25163683,118983,25034701
ShellSort,MixRandom,10000,TRUE,Insertion,168262,75084,168262
BinaryTreeSort,MixRandom,10000,TRUE,Insertion,10000,148883,0
QuickSortMedian3,MixRandom,10000,TRUE,Partition,103129,133116,35484
QuickSortMedian9,MixRandom,10000,TRUE,Partition,71207,161131,37687
QuickDualPivotSort,MixRandom,10000,TRUE,Partition,89157,125888,69452
QuickSortMedian3Insert,MixRandom,10000,TRUE,Partition,87606,90043,23508
QuickSortMedian9Insert,MixRandom,10000,TRUE,Partition,58823,67693,24248
QuickDualPivotSortInsert,MixRandom,10000,TRUE,Partition,78890,109427,55848
QuickSortMedian3BinaryInsert,MixRandom,10000,TRUE,Partition,87621,90055,23509
QuickSortMedian9BinaryInsert,MixRandom,10000,TRUE,Partition,58973,67813,24258
QuickDualPivotSortBinaryInsert,MixRandom,10000,TRUE,Partition,78890,109427,55848
MergeSort,MixRandom,10000,TRUE,Merge,86603,120508,128104
MergeSort2,MixRandom,10000,TRUE,Merge,143615,120489,133616
ShiftSort,MixRandom,10000,TRUE,Merge,210166,155621,1791
BucketSort,MixRandom,10000,TRUE,Distributed,20000,10000,0
RadixLSD10Sort,MixRandom,10000,TRUE,Distributed,90093,0,0
RadixLSD4Sort,MixRandom,10000,TRUE,Distributed,82516,40000,0
CountingSort,MixRandom,10000,TRUE,Distributed,50008,0,0
IntroSortMedian9,MixRandom,10000,TRUE,Hybrid,62559,71469,24055
BubbleSort,NegativeRandom,100,TRUE,Exchange,4950,4950,2667
OddEvenSort,NegativeRandom,100,TRUE,Exchange,4752,4752,2667
CocktailShakerSort,NegativeRandom,100,TRUE,Exchange,3667,3667,2667
CocktailShakerSort2,NegativeRandom,100,TRUE,Exchange,4170,4170,2667
CombSort,NegativeRandom,100,TRUE,Exchange,1294,1294,267
CycleSort,NegativeRandom,100,TRUE,Exchange,14502,14539,98
GnomeSort,NegativeRandom,100,TRUE,Exchange,2767,2667,2667
GnomeSort1,NegativeRandom,100,TRUE,Exchange,5430,5430,2667
GnomeSort2,NegativeRandom,100,TRUE,Exchange,2667,2763,2667
GnomeSort3,NegativeRandom,100,TRUE,Exchange,5434,5434,2667
SelectionSort,NegativeRandom,100,TRUE,Selection,4950,4950,100
HeapSort,NegativeRandom,100,TRUE,Selection,702,1059,606
InsertSort,NegativeRandom,100,TRUE,Insertion,2667,2667,2667
BinaryInsertSort,NegativeRandom,100,TRUE,Insertion,3402,537,2766
ShellSort,NegativeRandom,100,TRUE,Insertion,453,282,453
BinaryTreeSort,NegativeRandom,100,TRUE,Insertion,100,649,0
QuickSortMedian3,NegativeRandom,100,TRUE,Partition,427,719,202
QuickSortMedian9,NegativeRandom,100,TRUE,Partition,321,1200,214
QuickDualPivotSort,NegativeRandom,100,TRUE,Partition,318,474,289
QuickSortMedian3Insert,NegativeRandom,100,TRUE,Partition,290,283,128
QuickSortMedian9Insert,NegativeRandom,100,TRUE,Partition,227,274,147
QuickDualPivotSortInsert,NegativeRandom,100,TRUE,Partition,238,337,166
QuickSortMedian3BinaryInsert,NegativeRandom,100,TRUE,Partition,399,353,141
QuickSortMedian9BinaryInsert,NegativeRandom,100,TRUE,Partition,336,344,160
QuickDualPivotSortBinaryInsert,NegativeRandom,100,TRUE,Partition,238,337,166
MergeSort,NegativeRandom,100,TRUE,Merge,550,530,625
MergeSort2,NegativeRandom,100,TRUE,Merge,771,536,672
ShiftSort,NegativeRandom,100,TRUE,Merge,886,653,15
BucketSort,NegativeRandom,100,TRUE,Distributed,200,100,0
RadixLSD10Sort,NegativeRandom,100,TRUE,Distributed,798,0,0
RadixLSD4Sort,NegativeRandom,100,TRUE,Distributed,3803,400,0
CountingSort,NegativeRandom,100,TRUE,Distributed,604,0,0
IntroSortMedian9,NegativeRandom,100,TRUE,Hybrid,234,277,125
BubbleSort,NegativeRandom,1000,TRUE,Exchange,499500,499500,250372
OddEvenSort,NegativeRandom,1000,TRUE,Exchange,486513,486513,250372
CocktailShakerSort,NegativeRandom,1000,TRUE,Exchange,334929,334929,250372
CocktailShakerSort2,NegativeRandom,1000,TRUE,Exchange,380672,380672,250372
CombSort,NegativeRandom,1000,TRUE,Exchange,20705,20705,4073
CycleSort,NegativeRandom,1000,TRUE,Exchange,1485706,1486151,999
GnomeSort,NegativeRandom,1000,TRUE,Exchange,251372,250372,250372
GnomeSort1,NegativeRandom,1000,TRUE,Exchange,501740,501740,250372
GnomeSort2,NegativeRandom,1000,TRUE,Exchange,250374,251368,250372
GnomeSort3,NegativeRandom,1000,TRUE,Exchange,501744,501744,250372
SelectionSort,NegativeRandom,1000,TRUE,Selection,499500,499500,1000
HeapSort,NegativeRandom,1000,TRUE,Selection,10586,17236,9593
InsertSort,NegativeRandom,1000,TRUE,Insertion,250372,250372,250372
BinaryInsertSort,NegativeRandom,1000,TRUE,Insertion,260966,8596,251371
ShellSort,NegativeRandom,1000,TRUE,Insertion,9415,4821,9415
BinaryTreeSort,NegativeRandom,1000,TRUE,Insertion,1000,11728,0
QuickSortMedian3,NegativeRandom,1000,TRUE,Partition,6955,9941,2835
QuickSortMedian9,NegativeRandom,1000,TRUE,Partition,5079,14083,2960
QuickDualPivotSort,NegativeRandom,1000,TRUE,Partition,6465,8632,4526
QuickSortMedian3Insert,NegativeRandom,1000,TRUE,Partition,5408,5634,1636
QuickSortMedian9Insert,NegativeRandom,1000,TRUE,Partition,3932,4822,1692
QuickDualPivotSortInsert,NegativeRandom,1000,TRUE,Partition,5499,7067,3189
QuickSortMedian3BinaryInsert,NegativeRandom,1000,TRUE,Partition,5525,5721,1646
QuickSortMedian9BinaryInsert,NegativeRandom,1000,TRUE,Partition,4085,4936,1705
QuickDualPivotSortBinaryInsert,NegativeRandom,1000,TRUE,Partition,5499,7067,3189
MergeSort,NegativeRandom,1000,TRUE,Merge,6697,8697,9351
MergeSort2,NegativeRandom,1000,TRUE,Merge,10975,8702,9976
ShiftSort,NegativeRandom,1000,TRUE,Merge,14818,10866,165
BucketSort,NegativeRandom,1000,TRUE,Distributed,2000,1000,0
RadixLSD10Sort,NegativeRandom,1000,TRUE,Distributed,9128,0,0
RadixLSD4Sort,NegativeRandom,1000,TRUE,Distributed,10814,4000,0
CountingSort,NegativeRandom,1000,TRUE,Distributed,6004,0,0
IntroSortMedian9,NegativeRandom,1000,TRUE,Hybrid,3924,4772,1624
BubbleSort,NegativeRandom,10000,TRUE,Exchange,49995000,49995000,24902687
OddEvenSort,NegativeRandom,10000,TRUE,Exchange,49855014,49855014,24902687
CocktailShakerSort,NegativeRandom,10000,TRUE,Exchange,33194918,33194918,24902687
CocktailShakerSort2,NegativeRandom,10000,TRUE,Exchange,37397310,37397310,24902687
CombSort,NegativeRandom,10000,TRUE,Exchange,306727,306727,58759
CycleSort,NegativeRandom,10000,TRUE,Exchange,149880288,149885389,9999
GnomeSort,NegativeRandom,10000,TRUE,Exchange,24912687,24902687,24902687
GnomeSort1,NegativeRandom,10000,TRUE,Exchange,49815364,49815364,24902687
GnomeSort2,NegativeRandom,10000,TRUE,Exchange,24902688,24912677,24902687
GnomeSort3,NegativeRandom,10000,TRUE,Exchange,49815374,49815374,24902687
SelectionSort,NegativeRandom,10000,TRUE,Selection,49995000,49995000,10000
HeapSort,NegativeRandom,10000,TRUE,Selection,139559,239358,129568
InsertSort,NegativeRandom,10000,TRUE,Insertion,24902687,24902687,24902687
BinaryInsertSort,NegativeRandom,10000,TRUE,Insertion,25041717,119032,24912686
ShellSort,NegativeRandom,10000,TRUE,Insertion,157531,75084,157531
BinaryTreeSort,NegativeRandom,10000,TRUE,Insertion,10000,157546,0
QuickSortMedian3,NegativeRandom,10000,TRUE,Partition,108499,138485,35637
QuickSortMedian9,NegativeRandom,10000,TRUE,Partition,70256,160034,37721
QuickDualPivotSort,NegativeRandom,10000,TRUE,Partition,90883,121942,66198
QuickSortMedian3Insert,NegativeRandom,10000,TRUE,Partition,93006,95362,23495
QuickSortMedian9Insert,NegativeRandom,10000,TRUE,Partition,58083,66977,24312
QuickDualPivotSortInsert,NegativeRandom,10000,TRUE,Partition,80713,105797,52771
QuickSortMedian3BinaryInsert,NegativeRandom,10000,TRUE,Partition,93111,95446,23502
QuickSortMedian9BinaryInsert,NegativeRandom,10000,TRUE,Partition,58294,67146,24326
QuickDualPivotSortBinaryInsert,NegativeRandom,10000,TRUE,Partition,80713,105797,52771
MergeSort,NegativeRandom,10000,TRUE,Merge,86652,120446,128091
MergeSort2,NegativeRandom,10000,TRUE,Merge,143615,120456,133616
ShiftSort,NegativeRandom,10000,TRUE,Merge,207366,152913,1674
BucketSort,NegativeRandom,10000,TRUE,Distributed,20000,10000,0
RadixLSD10Sort,NegativeRandom,10000,TRUE,Distributed,110158,0,0
RadixLSD4Sort,NegativeRandom,10000,TRUE,Distributed,82774,40000,0
CountingSort,NegativeRandom,10000,TRUE,Distributed,60010,0,0
IntroSortMedian9,NegativeRandom,10000,TRUE,Hybrid,59767,68571,24194
BubbleSort,Reversed,100,TRUE,Exchange,4950,4950,4950
OddEvenSort,Reversed,100,TRUE,Exchange,5049,5049,4950
CocktailShakerSort,Reversed,100,TRUE,Exchange,4950,4950,4950
CocktailShakerSort2,Reversed,100,TRUE,Exchange,4950,4950,4950
CombSort,Reversed,100,TRUE,Exchange,1195,1195,116
CycleSort,Reversed,100,TRUE,Exchange,8774,8725,100
GnomeSort,Reversed,100,TRUE,Exchange,5050,4950,4950
GnomeSort1,Reversed,100,TRUE,Exchange,9900,9900,4950
GnomeSort2,Reversed,100,TRUE,Exchange,4851,4950,4950
GnomeSort3,Reversed,100,TRUE,Exchange,10000,10000,4950
SelectionSort,Reversed,100,TRUE,Selection,4950,4950,100
HeapSort,Reversed,100,TRUE,Selection,614,955,516
InsertSort,Reversed,100,TRUE,Insertion,4950,4950,4950
BinaryInsertSort,Reversed,100,TRUE,Insertion,5721,573,5049
ShellSort,Reversed,100,TRUE,Insertion,474,282,474
BinaryTreeSort,Reversed,100,TRUE,Insertion,100,4950,0
QuickSortMedian3,Reversed,100,TRUE,Partition,1705,1995,148
QuickSortMedian9,Reversed,100,TRUE,Partition,474,1266,148
QuickDualPivotSort,Reversed,100,TRUE,Partition,2450,2500,150
QuickSortMedian3Insert,Reversed,100,TRUE,Partition,1404,1508,95
QuickSortMedian9Insert,Reversed,100,TRUE,Partition,201,261,56
QuickDualPivotSortInsert,Reversed,100,TRUE,Partition,2394,2436,126
QuickSortMedian3BinaryInsert,Reversed,100,TRUE,Partition,1524,1583,110
QuickSortMedian9BinaryInsert,Reversed,100,TRUE,Partition,289,316,67
QuickDualPivotSortBinaryInsert,Reversed,100,TRUE,Partition,2394,2436,126
MergeSort,Reversed,100,TRUE,Merge,811,316,672
MergeSort2,Reversed,100,TRUE,Merge,771,356,672
ShiftSort,Reversed,100,TRUE,Merge,1114,820,49
BucketSort,Reversed,100,TRUE,Distributed,200,100,0
RadixLSD10Sort,Reversed,100,TRUE,Distributed,420,200,0
RadixLSD4Sort,Reversed,100,TRUE,Distributed,2745,0,0
CountingSort,Reversed,100,TRUE,Distributed,398,0,0
IntroSortMedian9,Reversed,100,TRUE,Hybrid,211,266,61
BubbleSort,Reversed,1000,TRUE,Exchange,499500,499500,499500
OddEvenSort,Reversed,1000,TRUE,Exchange,500499,500499,499500
CocktailShakerSort,Reversed,1000,TRUE,Exchange,499500,499500,499500
CocktailShakerSort2,Reversed,1000,TRUE,Exchange,499500,499500,499500
CombSort,Reversed,1000,TRUE,Exchange,20705,20705,1536
CycleSort,Reversed,1000,TRUE,Exchange,875249,874750,1000
GnomeSort,Reversed,1000,TRUE,Exchange,500500,499500,499500
GnomeSort1,Reversed,1000,TRUE,Exchange,999000,999000,499500
GnomeSort2,Reversed,1000,TRUE,Exchange,498501,499500,499500
GnomeSort3,Reversed,1000,TRUE,Exchange,1000000,1000000,499500
SelectionSort,Reversed,1000,TRUE,Selection,499500,499500,1000
HeapSort,Reversed,1000,TRUE,Selection,9314,15981,8316
InsertSort,Reversed,1000,TRUE,Insertion,499500,499500,499500
BinaryInsertSort,Reversed,1000,TRUE,Insertion,510475,8977,500499
ShellSort,Reversed,1000,TRUE,Insertion,5990,4821,5990
BinaryTreeSort,Reversed,1000,TRUE,Insertion,1000,499500,0
QuickSortMedian3,Reversed,1000,TRUE,Partition,167127,170114,1498
QuickSortMedian9,Reversed,1000,TRUE,Partition,7978,15970,1498
QuickDualPivotSort,Reversed,1000,TRUE,Partition,249500,250000,1500
QuickSortMedian3Insert,Reversed,1000,TRUE,Partition,167240,169037,1393
QuickSortMedian9Insert,Reversed,1000,TRUE,Partition,5001,5456,562
QuickDualPivotSortInsert,Reversed,1000,TRUE,Partition,249444,249936,1476
QuickSortMedian3BinaryInsert,Reversed,1000,TRUE,Partition,167405,169157,1408
QuickSortMedian9BinaryInsert,Reversed,1000,TRUE,Partition,5155,5568,576
QuickDualPivotSortBinaryInsert,Reversed,1000,TRUE,Partition,249444,249936,1476
MergeSort,Reversed,1000,TRUE,Merge,11087,4932,9976
MergeSort2,Reversed,1000,TRUE,Merge,10975,5044,9976
ShiftSort,Reversed,1000,TRUE,Merge,17484,13022,499
BucketSort,Reversed,1000,TRUE,Distributed,2000,1000,0
RadixLSD10Sort,Reversed,1000,TRUE,Distributed,6030,3000,0
RadixLSD4Sort,Reversed,1000,TRUE,Distributed,9786,0,0
CountingSort,Reversed,1000,TRUE,Distributed,3998,0,0
IntroSortMedian9,Reversed,1000,TRUE,Hybrid,5011,5514,514
BubbleSort,Reversed,10000,TRUE,Exchange,49995000,49995000,49995000
OddEvenSort,Reversed,10000,TRUE,Exchange,50004999,50004999,49995000
CocktailShakerSort,Reversed,10000,TRUE,Exchange,49995000,49995000,49995000
CocktailShakerSort2,Reversed,10000,TRUE,Exchange,49995000,49995000,49995000
CombSort,Reversed,10000,TRUE,Exchange,296728,296728,20094
CycleSort,Reversed,10000,TRUE,Exchange,87502499,87497500,10000
GnomeSort,Reversed,10000,TRUE,Exchange,50005000,49995000,49995000
GnomeSort1,Reversed,10000,TRUE,Exchange,99990000,99990000,49995000
GnomeSort2,Reversed,10000,TRUE,Exchange,49985001,49995000,49995000
GnomeSort3,Reversed,10000,TRUE,Exchange,100000000,100000000,49995000
SelectionSort,Reversed,10000,TRUE,Selection,49995000,49995000,10000
HeapSort,Reversed,10000,TRUE,Selection,126694,226719,116696
InsertSort,Reversed,10000,TRUE,Insertion,49995000,49995000,49995000
BinaryInsertSort,Reversed,10000,TRUE,Insertion,50138615,123617,50004999
ShellSort,Reversed,10000,TRUE,Insertion,55972,75084,55972
BinaryTreeSort,Reversed,10000,TRUE,Insertion,10000,49995000,0
QuickSortMedian3,Reversed,10000,TRUE,Partition,16671462,16701445,14998
QuickSortMedian9,Reversed,10000,TRUE,Partition,113618,193610,14998
QuickDualPivotSort,Reversed,10000,TRUE,Partition,24995000,25000000,15000
QuickSortMedian3Insert,Reversed,10000,TRUE,Partition,16680156,16699853,14845
QuickSortMedian9Insert,Reversed,10000,TRUE,Partition,90001,97170,6022
QuickDualPivotSortInsert,Reversed,10000,TRUE,Partition,24994944,24999936,14976
QuickSortMedian3BinaryInsert,Reversed,10000,TRUE,Partition,16680381,16700033,14860
QuickSortMedian9BinaryInsert,Reversed,10000,TRUE,Partition,90121,97266,6030
QuickDualPivotSortBinaryInsert,Reversed,10000,TRUE,Partition,24994944,24999936,14976
MergeSort,Reversed,10000,TRUE,Merge,148015,64608,133616
MergeSort2,Reversed,10000,TRUE,Merge,143615,69008,133616
ShiftSort,Reversed,10000,TRUE,Merge,242280,180856,4999
BucketSort,Reversed,10000,TRUE,Distributed,20000,10000,0
RadixLSD10Sort,Reversed,10000,TRUE,Distributed,80040,40000,0
RadixLSD4Sort,Reversed,10000,TRUE,Distributed,81750,0,0
CountingSort,Reversed,10000,TRUE,Distributed,39998,0,0
IntroSortMedian9,Reversed,10000,TRUE,Hybrid,90001,98184,5008
BubbleSort,Mountain,100,TRUE,Exchange,4950,4950,2450
OddEvenSort,Mountain,100,TRUE,Exchange,4950,4950,2450
CocktailShakerSort,Mountain,100,TRUE,Exchange,3333,3333,2450
CocktailShakerSort2,Mountain,100,TRUE,Exchange,4454,4454,2450
CombSort,Mountain,100,TRUE,Exchange,1195,1195,149
CycleSort,Mountain,100,TRUE,Exchange,14555,14602,98
GnomeSort,Mountain,100,TRUE,Exchange,2550,2450,2450
GnomeSort1,Mountain,100,TRUE,Exchange,4999,4999,2450
GnomeSort2,Mountain,100,TRUE,Exchange,2500,2549,2450
GnomeSort3,Mountain,100,TRUE,Exchange,5000,5000,2450
SelectionSort,Mountain,100,TRUE,Selection,4950,4950,100
HeapSort,Mountain,100,TRUE,Selection,767,1097,718
InsertSort,Mountain,100,TRUE,Insertion,2450,2450,2450
BinaryInsertSort,Mountain,100,TRUE,Insertion,3154,506,2549
ShellSort,Mountain,100,TRUE,Insertion,280,282,280
BinaryTreeSort,Mountain,100,TRUE,Insertion,100,2549,0
QuickSortMedian3,Mountain,100,TRUE,Partition,833,1125,209
QuickSortMedian9,Mountain,100,TRUE,Partition,324,1192,215
QuickDualPivotSort,Mountain,100,TRUE,Partition,592,1008,677
QuickSortMedian3Insert,Mountain,100,TRUE,Partition,682,692,133
QuickSortMedian9Insert,Mountain,100,TRUE,Partition,238,307,120
QuickDualPivotSortInsert,Mountain,100,TRUE,Partition,516,872,525
QuickSortMedian3BinaryInsert,Mountain,100,TRUE,Partition,775,752,144
QuickSortMedian9BinaryInsert,Mountain,100,TRUE,Partition,322,361,130
QuickDualPivotSortBinaryInsert,Mountain,100,TRUE,Partition,516,872,525
MergeSort,Mountain,100,TRUE,Merge,609,385,539
MergeSort2,Mountain,100,TRUE,Merge,771,385,672
ShiftSort,Mountain,100,TRUE,Merge,650,518,24
BucketSort,Mountain,100,TRUE,Distributed,200,100,0
RadixLSD10Sort,Mountain,100,TRUE,Distributed,425,200,0
RadixLSD4Sort,Mountain,100,TRUE,Distributed,2795,0,0
CountingSort,Mountain,100,TRUE,Distributed,349,0,0
IntroSortMedian9,Mountain,100,TRUE,Hybrid,203,273,104
BubbleSort,Mountain,1000,TRUE,Exchange,499500,499500,249500
OddEvenSort,Mountain,1000,TRUE,Exchange,499500,499500,249500
CocktailShakerSort,Mountain,1000,TRUE,Exchange,333333,333333,249500
CocktailShakerSort2,Mountain,1000,TRUE,Exchange,444554,444554,249500
CombSort,Mountain,1000,TRUE,Exchange,20705,20705,2339
CycleSort,Mountain,1000,TRUE,Exchange,1469567,1470038,998
GnomeSort,Mountain,1000,TRUE,Exchange,250500,249500,249500
GnomeSort1,Mountain,1000,TRUE,Exchange,499999,499999,249500
GnomeSort2,Mountain,1000,TRUE,Exchange,250000,250499,249500
GnomeSort3,Mountain,1000,TRUE,Exchange,500000,500000,249500
SelectionSort,Mountain,1000,TRUE,Selection,499500,499500,1000
HeapSort,Mountain,1000,TRUE,Selection,12495,19020,11996
InsertSort,Mountain,1000,TRUE,Insertion,249500,249500,249500
BinaryInsertSort,Mountain,1000,TRUE,Insertion,259784,8286,250499
ShellSort,Mountain,1000,TRUE,Insertion,3999,4821,3999
BinaryTreeSort,Mountain,1000,TRUE,Insertion,1000,250499,0
QuickSortMedian3,Mountain,1000,TRUE,Partition,19300,22289,2879
QuickSortMedian9,Mountain,1000,TRUE,Partition,5233,14039,2939
QuickDualPivotSort,Mountain,1000,TRUE,Partition,23130,32482,24040
QuickSortMedian3Insert,Mountain,1000,TRUE,Partition,17529,17775,1858
QuickSortMedian9Insert,Mountain,1000,TRUE,Partition,3971,4813,1701
QuickDualPivotSortInsert,Mountain,1000,TRUE,Partition,22690,31642,22840
QuickSortMedian3BinaryInsert,Mountain,1000,TRUE,Partition,17706,17907,1873
QuickSortMedian9BinaryInsert,Mountain,1000,TRUE,Partition,4086,4898,1711
QuickDualPivotSortBinaryInsert,Mountain,1000,TRUE,Partition,22690,31642,22840
MergeSort,Mountain,1000,TRUE,Merge,8316,5487,7760
MergeSort2,Mountain,1000,TRUE,Merge,10975,5487,9976
ShiftSort,Mountain,1000,TRUE,Merge,9735,7727,249
BucketSort,Mountain,1000,TRUE,Distributed,2000,1000,0
RadixLSD10Sort,Mountain,1000,TRUE,Distributed,6035,3000,0
RadixLSD4Sort,Mountain,1000,TRUE,Distributed,9788,0,0
CountingSort,Mountain,1000,TRUE,Distributed,3499,0,0
IntroSortMedian9,Mountain,1000,TRUE,Hybrid,3790,4610,1689
BubbleSort,Mountain,10000,TRUE,Exchange,49995000,49995000,24995000
OddEvenSort,Mountain,10000,TRUE,Exchange,49995000,49995000,24995000
CocktailShakerSort,Mountain,10000,TRUE,Exchange,33333333,33333333,24995000
CocktailShakerSort2,Mountain,10000,TRUE,Exchange,44445554,44445554,24995000
CombSort,Mountain,10000,TRUE,Exchange,296728,296728,32199
CycleSort,Mountain,10000,TRUE,Exchange,149649511,149654482,9998
GnomeSort,Mountain,10000,TRUE,Exchange,25005000,24995000,24995000
GnomeSort1,Mountain,10000,TRUE,Exchange,49999999,49999999,24995000
GnomeSort2,Mountain,10000,TRUE,Exchange,25000000,25004999,24995000
GnomeSort3,Mountain,10000,TRUE,Exchange,50000000,50000000,24995000
SelectionSort,Mountain,10000,TRUE,Selection,49995000,49995000,10000
HeapSort,Mountain,10000,TRUE,Selection,174291,272242,169292
InsertSort,Mountain,10000,TRUE,Insertion,24995000,24995000,24995000
BinaryInsertSort,Mountain,10000,TRUE,Insertion,25131333,116335,25004999
ShellSort,Mountain,10000,TRUE,Insertion,42065,75084,42065
BinaryTreeSort,Mountain,10000,TRUE,Insertion,10000,25004999,0
QuickSortMedian3,Mountain,10000,TRUE,Partition,367464,397449,36263
QuickSortMedian9,Mountain,10000,TRUE,Partition,71863,159750,37635
QuickDualPivotSort,Mountain,10000,TRUE,Partition,1046345,1181046,1055786
QuickSortMedian3Insert,Mountain,10000,TRUE,Partition,349626,352995,25417
QuickSortMedian9Insert,Mountain,10000,TRUE,Partition,58290,66258,24788
QuickDualPivotSortInsert,Mountain,10000,TRUE,Partition,1043966,1175344,1046000
QuickSortMedian3BinaryInsert,Mountain,10000,TRUE,Partition,349855,353179,25432
QuickSortMedian9BinaryInsert,Mountain,10000,TRUE,Partition,58441,66379,24798
QuickDualPivotSortBinaryInsert,Mountain,10000,TRUE,Partition,1043966,1175344,1046000
MergeSort,Mountain,10000,TRUE,Merge,111012,71807,103812
MergeSort2,Mountain,10000,TRUE,Merge,143615,71807,133616
ShiftSort,Mountain,10000,TRUE,Merge,131133,102885,2499
BucketSort,Mountain,10000,TRUE,Distributed,20000,10000,0
RadixLSD10Sort,Mountain,10000,TRUE,Distributed,80045,40000,0
RadixLSD4Sort,Mountain,10000,TRUE,Distributed,81770,0,0
CountingSort,Mountain,10000,TRUE,Distributed,34999,0,0
IntroSortMedian9,Mountain,10000,TRUE,Hybrid,56664,65097,24920
BubbleSort,NearlySorted,100,TRUE,Exchange,4950,4950,208
OddEvenSort,NearlySorted,100,TRUE,Exchange,2079,2079,208
CocktailShakerSort,NearlySorted,100,TRUE,Exchange,538,538,208
CocktailShakerSort2,NearlySorted,100,TRUE,Exchange,1629,1629,208
CombSort,NearlySorted,100,TRUE,Exchange,1195,1195,62
CycleSort,NearlySorted,100,TRUE,Exchange,6578,6525,43
GnomeSort,NearlySorted,100,TRUE,Exchange,308,208,208
GnomeSort1,NearlySorted,100,TRUE,Exchange,515,515,208
GnomeSort2,NearlySorted,100,TRUE,Exchange,298,307,208
GnomeSort3,NearlySorted,100,TRUE,Exchange,516,516,208
SelectionSort,NearlySorted,100,TRUE,Selection,4950,4950,100
HeapSort,NearlySorted,100,TRUE,Selection,974,1339,966
InsertSort,NearlySorted,100,TRUE,Insertion,208,208,208
BinaryInsertSort,NearlySorted,100,TRUE,Insertion,892,486,307
ShellSort,NearlySorted,100,TRUE,Insertion,80,282,80
BinaryTreeSort,NearlySorted,100,TRUE,Insertion,100,4727,0
QuickSortMedian3,NearlySorted,100,TRUE,Partition,1251,1541,124
QuickSortMedian9,NearlySorted,100,TRUE,Partition,499,1320,128
QuickDualPivotSort,NearlySorted,100,TRUE,Partition,1014,1130,203
QuickSortMedian3Insert,NearlySorted,100,TRUE,Partition,1034,1058,92
QuickSortMedian9Insert,NearlySorted,100,TRUE,Partition,325,352,68
QuickDualPivotSortInsert,NearlySorted,100,TRUE,Partition,893,955,84
QuickSortMedian3BinaryInsert,NearlySorted,100,TRUE,Partition,1136,1124,104
QuickSortMedian9BinaryInsert,NearlySorted,100,TRUE,Partition,410,407,78
QuickDualPivotSortBinaryInsert,NearlySorted,100,TRUE,Partition,893,955,84
MergeSort,NearlySorted,100,TRUE,Merge,464,378,387
MergeSort2,NearlySorted,100,TRUE,Merge,771,340,672
ShiftSort,NearlySorted,100,TRUE,Merge,197,180,1
BucketSort,NearlySorted,100,TRUE,Distributed,200,100,0
RadixLSD10Sort,NearlySorted,100,TRUE,Distributed,420,200,0
RadixLSD4Sort,NearlySorted,100,TRUE,Distributed,2754,0,0
CountingSort,NearlySorted,100,TRUE,Distributed,393,0,0
IntroSortMedian9,NearlySorted,100,TRUE,Hybrid,282,355,20
BubbleSort,NearlySorted,1000,TRUE,Exchange,499500,499500,3392
OddEvenSort,NearlySorted,1000,TRUE,Exchange,481518,481518,3392
CocktailShakerSort,NearlySorted,1000,TRUE,Exchange,8615,8615,3392
CocktailShakerSort2,NearlySorted,1000,TRUE,Exchange,19790,19790,3392
CombSort,NearlySorted,1000,TRUE,Exchange,20705,20705,1470
CycleSort,NearlySorted,1000,TRUE,Exchange,1218550,1218517,966
GnomeSort,NearlySorted,1000,TRUE,Exchange,4392,3392,3392
GnomeSort1,NearlySorted,1000,TRUE,Exchange,7783,7783,3392
GnomeSort2,NearlySorted,1000,TRUE,Exchange,4381,4391,3392
GnomeSort3,NearlySorted,1000,TRUE,Exchange,7784,7784,3392
SelectionSort,NearlySorted,1000,TRUE,Selection,499500,499500,1000
HeapSort,NearlySorted,1000,TRUE,Selection,16815,23771,16806
InsertSort,NearlySorted,1000,TRUE,Insertion,3392,3392,3392
BinaryInsertSort,NearlySorted,1000,TRUE,Insertion,13387,7997,4391
ShellSort,NearlySorted,1000,TRUE,Insertion,1772,4821,1772
BinaryTreeSort,NearlySorted,1000,TRUE,Insertion,1000,496104,0
QuickSortMedian3,NearlySorted,1000,TRUE,Partition,143630,146621,1385
QuickSortMedian9,NearlySorted,1000,TRUE,Partition,7974,16943,1519
QuickDualPivotSort,NearlySorted,1000,TRUE,Partition,22794,41039,23328
QuickSortMedian3Insert,NearlySorted,1000,TRUE,Partition,143476,144525,1038
QuickSortMedian9Insert,NearlySorted,1000,TRUE,Partition,5937,6572,355
QuickDualPivotSortInsert,NearlySorted,1000,TRUE,Partition,20802,38669,20556
QuickSortMedian3BinaryInsert,NearlySorted,1000,TRUE,Partition,143651,144655,1053
QuickSortMedian9BinaryInsert,NearlySorted,1000,TRUE,Partition,6045,6653,364
QuickDualPivotSortBinaryInsert,NearlySorted,1000,TRUE,Partition,20802,38669,20556
MergeSort,NearlySorted,1000,TRUE,Merge,6058,5091,5106
MergeSort2,NearlySorted,1000,TRUE,Merge,10975,4982,9976
ShiftSort,NearlySorted,1000,TRUE,Merge,2307,2290,1
BucketSort,NearlySorted,1000,TRUE,Distributed,2000,1000,0
RadixLSD10Sort,NearlySorted,1000,TRUE,Distributed,6030,3000,0
RadixLSD4Sort,NearlySorted,1000,TRUE,Distributed,9786,0,0
CountingSort,NearlySorted,1000,TRUE,Distributed,3989,0,0
IntroSortMedian9,NearlySorted,1000,TRUE,Hybrid,6086,6770,256
BubbleSort,NearlySorted,10000,TRUE,Exchange,49995000,49995000,62107
OddEvenSort,NearlySorted,10000,TRUE,Exchange,49745025,49745025,62107
CocktailShakerSort,NearlySorted,10000,TRUE,Exchange,141506,141506,62107
CocktailShakerSort2,NearlySorted,10000,TRUE,Exchange,219747,219747,62107
CombSort,NearlySorted,10000,TRUE,Exchange,296728,296728,19301
CycleSort,NearlySorted,10000,TRUE,Exchange,142370852,142370805,9948
GnomeSort,NearlySorted,10000,TRUE,Exchange,72107,62107,62107
GnomeSort1,NearlySorted,10000,TRUE,Exchange,134213,134213,62107
GnomeSort2,NearlySorted,10000,TRUE,Exchange,72096,72106,62107
GnomeSort3,NearlySorted,10000,TRUE,Exchange,134214,134214,62107
SelectionSort,NearlySorted,10000,TRUE,Selection,49995000,49995000,10000
HeapSort,NearlySorted,10000,TRUE,Selection,236883,340535,236874
InsertSort,NearlySorted,10000,TRUE,Insertion,62107,62107,62107
BinaryInsertSort,NearlySorted,10000,TRUE,Insertion,195737,113632,72106
ShellSort,NearlySorted,10000,TRUE,Insertion,23451,75084,23451
BinaryTreeSort,NearlySorted,10000,TRUE,Insertion,10000,49932883,0
QuickSortMedian3,NearlySorted,10000,TRUE,Partition,6231002,6260992,16280
QuickSortMedian9,NearlySorted,10000,TRUE,Partition,103508,190255,19143
QuickDualPivotSort,NearlySorted,10000,TRUE,Partition,662183,1184046,666955
QuickSortMedian3Insert,NearlySorted,10000,TRUE,Partition,6218436,6225727,9973
QuickSortMedian9Insert,NearlySorted,10000,TRUE,Partition,90275,97930,5691
QuickDualPivotSortInsert,NearlySorted,10000,TRUE,Partition,651490,1171656,651777
QuickSortMedian3BinaryInsert,NearlySorted,10000,TRUE,Partition,6218573,6225837,9982
QuickSortMedian9BinaryInsert,NearlySorted,10000,TRUE,Partition,90489,98102,5705
QuickDualPivotSortBinaryInsert,NearlySorted,10000,TRUE,Partition,651490,1171656,651777
MergeSort,NearlySorted,10000,TRUE,Merge,79022,69100,69115
MergeSort2,NearlySorted,10000,TRUE,Merge,143615,64705,133616
ShiftSort,NearlySorted,10000,TRUE,Merge,27530,27513,0
BucketSort,NearlySorted,10000,TRUE,Distributed,20000,10000,0
RadixLSD10Sort,NearlySorted,10000,TRUE,Distributed,80040,40000,0
RadixLSD4Sort,NearlySorted,10000,TRUE,Distributed,81750,0,0
CountingSort,NearlySorted,10000,TRUE,Distributed,39989,0,0
IntroSortMedian9,NearlySorted,10000,TRUE,Hybrid,90753,98050,5061
BubbleSort,Sorted,100,TRUE,Exchange,4950,4950,0
OddEvenSort,Sorted,100,TRUE,Exchange,99,99,0
CocktailShakerSort,Sorted,100,TRUE,Exchange,99,99,0
CocktailShakerSort2,Sorted,100,TRUE,Exchange,197,197,0
CombSort,Sorted,100,TRUE,Exchange,1096,1096,0
CycleSort,Sorted,100,TRUE,Exchange,5049,4950,0
GnomeSort,Sorted,100,TRUE,Exchange,100,0,0
GnomeSort1,Sorted,100,TRUE,Exchange,99,99,0
GnomeSort2,Sorted,100,TRUE,Exchange,99,99,0
GnomeSort3,Sorted,100,TRUE,Exchange,100,100,0
SelectionSort,Sorted,100,TRUE,Selection,4950,4950,100
HeapSort,Sorted,100,TRUE,Selection,959,1340,960
InsertSort,Sorted,100,TRUE,Insertion,0,0,0
BinaryInsertSort,Sorted,100,TRUE,Insertion,678,480,99
ShellSort,Sorted,100,TRUE,Insertion,0,282,0
BinaryTreeSort,Sorted,100,TRUE,Insertion,100,4950,0
QuickSortMedian3,Sorted,100,TRUE,Partition,1804,2094,99
QuickSortMedian9,Sorted,100,TRUE,Partition,573,1365,99
QuickDualPivotSort,Sorted,100,TRUE,Partition,2450,2500,100
QuickSortMedian3Insert,Sorted,100,TRUE,Partition,1503,1607,46
QuickSortMedian9Insert,Sorted,100,TRUE,Partition,300,360,7
QuickDualPivotSortInsert,Sorted,100,TRUE,Partition,2394,2436,84
QuickSortMedian3BinaryInsert,Sorted,100,TRUE,Partition,1623,1682,61
QuickSortMedian9BinaryInsert,Sorted,100,TRUE,Partition,388,415,18
QuickDualPivotSortBinaryInsert,Sorted,100,TRUE,Partition,2394,2436,84
MergeSort,Sorted,100,TRUE,Merge,455,356,356
MergeSort2,Sorted,100,TRUE,Merge,771,316,672
ShiftSort,Sorted,100,TRUE,Merge,99,99,0
BucketSort,Sorted,100,TRUE,Distributed,200,100,0
RadixLSD10Sort,Sorted,100,TRUE,Distributed,420,200,0
RadixLSD4Sort,Sorted,100,TRUE,Distributed,2745,0,0
CountingSort,Sorted,100,TRUE,Distributed,399,0,0
IntroSortMedian9,Sorted,100,TRUE,Hybrid,297,358,0
BubbleSort,Sorted,1000,TRUE,Exchange,499500,499500,0
OddEvenSort,Sorted,1000,TRUE,Exchange,999,999,0
CocktailShakerSort,Sorted,1000,TRUE,Exchange,999,999,0
CocktailShakerSort2,Sorted,1000,TRUE,Exchange,1997,1997,0
CombSort,Sorted,1000,TRUE,Exchange,19706,19706,0
CycleSort,Sorted,1000,TRUE,Exchange,500499,499500,0
GnomeSort,Sorted,1000,TRUE,Exchange,1000,0,0
GnomeSort1,Sorted,1000,TRUE,Exchange,999,999,0
GnomeSort2,Sorted,1000,TRUE,Exchange,999,999,0
GnomeSort3,Sorted,1000,TRUE,Exchange,1000,1000,0
SelectionSort,Sorted,1000,TRUE,Selection,499500,499500,1000
HeapSort,Sorted,1000,TRUE,Selection,15973,22961,15974
InsertSort,Sorted,1000,TRUE,Insertion,0,0,0
BinaryInsertSort,Sorted,1000,TRUE,Insertion,9985,7987,999
ShellSort,Sorted,1000,TRUE,Insertion,0,4821,0
BinaryTreeSort,Sorted,1000,TRUE,Insertion,1000,499500,0
QuickSortMedian3,Sorted,1000,TRUE,Partition,168126,171113,999
QuickSortMedian9,Sorted,1000,TRUE,Partition,8977,16969,999
QuickDualPivotSort,Sorted,1000,TRUE,Partition,249500,250000,1000
QuickSortMedian3Insert,Sorted,1000,TRUE,Partition,168239,170036,894
QuickSortMedian9Insert,Sorted,1000,TRUE,Partition,6000,6455,63
QuickDualPivotSortInsert,Sorted,1000,TRUE,Partition,249444,249936,984
QuickSortMedian3BinaryInsert,Sorted,1000,TRUE,Partition,168404,170156,909
QuickSortMedian9BinaryInsert,Sorted,1000,TRUE,Partition,6154,6567,77
QuickDualPivotSortBinaryInsert,Sorted,1000,TRUE,Partition,249444,249936,984
MergeSort,Sorted,1000,TRUE,Merge,6043,5044,5044
MergeSort2,Sorted,1000,TRUE,Merge,10975,4932,9976
ShiftSort,Sorted,1000,TRUE,Merge,999,999,0
BucketSort,Sorted,1000,TRUE,Distributed,2000,1000,0
RadixLSD10Sort,Sorted,1000,TRUE,Distributed,6030,3000,0
RadixLSD4Sort,Sorted,1000,TRUE,Distributed,9786,0,0
CountingSort,Sorted,1000,TRUE,Distributed,3999,0,0
IntroSortMedian9,Sorted,1000,TRUE,Hybrid,5994,6450,0
BubbleSort,Sorted,10000,TRUE,Exchange,49995000,49995000,0
OddEvenSort,Sorted,10000,TRUE,Exchange,9999,9999,0
CocktailShakerSort,Sorted,10000,TRUE,Exchange,9999,9999,0
CocktailShakerSort2,Sorted,10000,TRUE,Exchange,19997,19997,0
CombSort,Sorted,10000,TRUE,Exchange,286729,286729,0
CycleSort,Sorted,10000,TRUE,Exchange,50004999,49995000,0
GnomeSort,Sorted,10000,TRUE,Exchange,10000,0,0
GnomeSort1,Sorted,10000,TRUE,Exchange,9999,9999,0
GnomeSort2,Sorted,10000,TRUE,Exchange,9999,9999,0
GnomeSort3,Sorted,10000,TRUE,Exchange,10000,10000,0
SelectionSort,Sorted,10000,TRUE,Selection,49995000,49995000,10000
HeapSort,Sorted,10000,TRUE,Selection,227261,330893,227262
InsertSort,Sorted,10000,TRUE,Insertion,0,0,0
BinaryInsertSort,Sorted,10000,TRUE,Insertion,133629,113631,9999
ShellSort,Sorted,10000,TRUE,Insertion,0,75084,0
BinaryTreeSort,Sorted,10000,TRUE,Insertion,10000,49995000,0
QuickSortMedian3,Sorted,10000,TRUE,Partition,16681461,16711444,9999
QuickSortMedian9,Sorted,10000,TRUE,Partition,123617,203609,9999
QuickDualPivotSort,Sorted,10000,TRUE,Partition,24995000,25000000,10000
QuickSortMedian3Insert,Sorted,10000,TRUE,Partition,16690155,16709852,9846
QuickSortMedian9Insert,Sorted,10000,TRUE,Partition,100000,107169,1023
QuickDualPivotSortInsert,Sorted,10000,TRUE,Partition,24994944,24999936,9984
QuickSortMedian3BinaryInsert,Sorted,10000,TRUE,Partition,16690380,16710032,9861
QuickSortMedian9BinaryInsert,Sorted,10000,TRUE,Partition,100120,107265,1031
QuickDualPivotSortBinaryInsert,Sorted,10000,TRUE,Partition,24994944,24999936,9984
MergeSort,Sorted,10000,TRUE,Merge,79007,69008,69008
MergeSort2,Sorted,10000,TRUE,Merge,143615,64608,133616
ShiftSort,Sorted,10000,TRUE,Merge,9999,9999,0
BucketSort,Sorted,10000,TRUE,Distributed,20000,10000,0
RadixLSD10Sort,Sorted,10000,TRUE,Distributed,80040,40000,0
RadixLSD4Sort,Sorted,10000,TRUE,Distributed,81750,0,0
CountingSort,Sorted,10000,TRUE,Distributed,39999,0,0
IntroSortMedian9,Sorted,10000,TRUE,Hybrid,99990,107160,0
BubbleSort,SameValues,100,TRUE,Exchange,4950,4950,2329
OddEvenSort,SameValues,100,TRUE,Exchange,4455,4455,2329
CocktailShakerSort,SameValues,100,TRUE,Exchange,3326,3326,2329
CocktailShakerSort2,SameValues,100,TRUE,Exchange,4170,4170,2329
CombSort,SameValues,100,TRUE,Exchange,1195,1195,140
CycleSort,SameValues,100,TRUE,Exchange,12263,12619,88
GnomeSort,SameValues,100,TRUE,Exchange,2429,2329,2329
GnomeSort1,SameValues,100,TRUE,Exchange,4756,4756,2329
GnomeSort2,SameValues,100,TRUE,Exchange,2347,2427,2329
GnomeSort3,SameValues,100,TRUE,Exchange,4758,4758,2329
SelectionSort,SameValues,100,TRUE,Selection,4950,4950,100
HeapSort,SameValues,100,TRUE,Selection,661,1009,566
InsertSort,SameValues,100,TRUE,Insertion,2329,2329,2329
BinaryInsertSort,SameValues,100,TRUE,Insertion,3039,512,2428
ShellSort,SameValues,100,TRUE,Insertion,329,282,329
BinaryTreeSort,SameValues,100,TRUE,Insertion,100,886,0
QuickSortMedian3,SameValues,100,TRUE,Partition,277,562,261
QuickSortMedian9,SameValues,100,TRUE,Partition,182,1027,271
QuickDualPivotSort,SameValues,100,TRUE,Partition,415,490,226
QuickSortMedian3Insert,SameValues,100,TRUE,Partition,231,261,89
QuickSortMedian9Insert,SameValues,100,TRUE,Partition,123,192,94
QuickDualPivotSortInsert,SameValues,100,TRUE,Partition,299,354,177
QuickSortMedian3BinaryInsert,SameValues,100,TRUE,Partition,343,331,103
QuickSortMedian9BinaryInsert,SameValues,100,TRUE,Partition,187,232,102
QuickDualPivotSortBinaryInsert,SameValues,100,TRUE,Partition,299,354,177
MergeSort,SameValues,100,TRUE,Merge,544,535,624
MergeSort2,SameValues,100,TRUE,Merge,771,524,672
ShiftSort,SameValues,100,TRUE,Merge,866,642,13
BucketSort,SameValues,100,TRUE,Distributed,200,100,0
RadixLSD10Sort,SameValues,100,TRUE,Distributed,426,200,0
RadixLSD4Sort,SameValues,100,TRUE,Distributed,2835,0,0
CountingSort,SameValues,100,TRUE,Distributed,398,0,0
IntroSortMedian9,SameValues,100,TRUE,Hybrid,143,214,111
BubbleSort,SameValues,1000,TRUE,Exchange,499500,499500,230690
OddEvenSort,SameValues,1000,TRUE,Exchange,455544,455544,230690
CocktailShakerSort,SameValues,1000,TRUE,Exchange,323073,323073,230690
CocktailShakerSort2,SameValues,1000,TRUE,Exchange,376740,376740,230690
CombSort,SameValues,1000,TRUE,Exchange,20705,20705,1274
CycleSort,SameValues,1000,TRUE,Exchange,1265543,1305569,884
GnomeSort,SameValues,1000,TRUE,Exchange,231690,230690,230690
GnomeSort1,SameValues,1000,TRUE,Exchange,462377,462377,230690
GnomeSort2,SameValues,1000,TRUE,Exchange,230800,231687,230690
GnomeSort3,SameValues,1000,TRUE,Exchange,462380,462380,230690
SelectionSort,SameValues,1000,TRUE,Selection,499500,499500,1000
HeapSort,SameValues,1000,TRUE,Selection,9507,15931,8511
InsertSort,SameValues,1000,TRUE,Insertion,230690,230690,230690
BinaryInsertSort,SameValues,1000,TRUE,Insertion,241214,8526,231689
ShellSort,SameValues,1000,TRUE,Insertion,4119,4821,4119
BinaryTreeSort,SameValues,1000,TRUE,Insertion,1000,52758,0
QuickSortMedian3,SameValues,1000,TRUE,Partition,2134,5019,4293
QuickSortMedian9,SameValues,1000,TRUE,Partition,2024,10136,4301
QuickDualPivotSort,SameValues,1000,TRUE,Partition,5020,5751,1620
QuickSortMedian3Insert,SameValues,1000,TRUE,Partition,2137,2302,2348
QuickSortMedian9Insert,SameValues,1000,TRUE,Partition,2034,2729,2384
QuickDualPivotSortInsert,SameValues,1000,TRUE,Partition,5020,5751,1620
QuickSortMedian3BinaryInsert,SameValues,1000,TRUE,Partition,2214,2358,2355
QuickSortMedian9BinaryInsert,SameValues,1000,TRUE,Partition,2111,2785,2391
QuickDualPivotSortBinaryInsert,SameValues,1000,TRUE,Partition,5020,5751,1620
MergeSort,SameValues,1000,TRUE,Merge,7158,8396,9511
MergeSort2,SameValues,1000,TRUE,Merge,10975,8441,9976
ShiftSort,SameValues,1000,TRUE,Merge,14114,10316,130
BucketSort,SameValues,1000,TRUE,Distributed,2000,1000,0
RadixLSD10Sort,SameValues,1000,TRUE,Distributed,6039,3000,0
RadixLSD4Sort,SameValues,1000,TRUE,Distributed,10032,0,0
CountingSort,SameValues,1000,TRUE,Distributed,3965,0,0
IntroSortMedian9,SameValues,1000,TRUE,Hybrid,2173,2854,2307
BubbleSort,SameValues,10000,TRUE,Exchange,49995000,49995000,22450443
OddEvenSort,SameValues,10000,TRUE,Exchange,45005499,45005499,22450443
CocktailShakerSort,SameValues,10000,TRUE,Exchange,32010280,32010280,22450443
CocktailShakerSort2,SameValues,10000,TRUE,Exchange,37296720,37296720,22450443
CombSort,SameValues,10000,TRUE,Exchange,296728,296728,13103
CycleSort,SameValues,10000,TRUE,Exchange,126742580,130762800,9029
GnomeSort,SameValues,10000,TRUE,Exchange,22460443,22450443,22450443
GnomeSort1,SameValues,10000,TRUE,Exchange,44910883,44910883,22450443
GnomeSort2,SameValues,10000,TRUE,Exchange,22451441,22460440,22450443
GnomeSort3,SameValues,10000,TRUE,Exchange,44910886,44910886,22450443
SelectionSort,SameValues,10000,TRUE,Selection,49995000,49995000,10000
HeapSort,SameValues,10000,TRUE,Selection,125192,218639,115195
InsertSort,SameValues,10000,TRUE,Insertion,22450443,22450443,22450443
BinaryInsertSort,SameValues,10000,TRUE,Insertion,22588936,118495,22460442
ShellSort,SameValues,10000,TRUE,Insertion,36442,75084,36442
BinaryTreeSort,SameValues,10000,TRUE,Insertion,10000,5035636,0
QuickSortMedian3,SameValues,10000,TRUE,Partition,24416,53360,59578
QuickSortMedian9,SameValues,10000,TRUE,Partition,20811,100982,59878
QuickDualPivotSort,SameValues,10000,TRUE,Partition,37910,47784,19048
QuickSortMedian3Insert,SameValues,10000,TRUE,Partition,25308,27081,40593
QuickSortMedian9Insert,SameValues,10000,TRUE,Partition,21664,28173,40599
QuickDualPivotSortInsert,SameValues,10000,TRUE,Partition,37910,47784,19048
QuickSortMedian3BinaryInsert,SameValues,10000,TRUE,Partition,25518,27249,40607
QuickSortMedian9BinaryInsert,SameValues,10000,TRUE,Partition,21784,28269,40607
QuickDualPivotSortBinaryInsert,SameValues,10000,TRUE,Partition,37910,47784,19048
MergeSort,SameValues,10000,TRUE,Merge,92050,116476,129519
MergeSort2,SameValues,10000,TRUE,Merge,143615,116496,133616
ShiftSort,SameValues,10000,TRUE,Merge,202369,148651,1253
BucketSort,SameValues,10000,TRUE,Distributed,20000,10000,0
RadixLSD10Sort,SameValues,10000,TRUE,Distributed,80054,40000,0
RadixLSD4Sort,SameValues,10000,TRUE,Distributed,82029,0,0
CountingSort,SameValues,10000,TRUE,Distributed,37954,0,0
IntroSortMedian9,SameValues,10000,TRUE,Hybrid,21267,28369,40246
BucketSortT,DictionaryRamdom,100,TRUE,Distributed,236,100,0
BucketSortT,DictionaryRamdom,1000,TRUE,Distributed,2358,1000,0
BucketSortT,DictionaryRamdom,10000,TRUE,Distributed,23671,10000,0